--
-- PostgreSQL database dump
--

-- Dumped from database version 16.3
-- Dumped by pg_dump version 16.3

-- Started on 2024-10-17 06:00:00

SET statement_timeout = 0;
SET lock_timeout = 0;
SET idle_in_transaction_session_timeout = 0;
SET client_encoding = 'UTF8';
SET standard_conforming_strings = on;
SELECT pg_catalog.set_config('search_path', '', false);
SET check_function_bodies = false;
SET xmloption = content;
SET client_min_messages = warning;
SET row_security = off;

SET default_tablespace = '';

SET default_table_access_method = heap;

--
-- TOC entry 222 (class 1259 OID 17725)
-- Name: auth_group; Type: TABLE; Schema: public; Owner: postgres
--

CREATE TABLE public.auth_group (
    id integer NOT NULL,
    name character varying(150) NOT NULL
);


ALTER TABLE public.auth_group OWNER TO postgres;

--
-- TOC entry 221 (class 1259 OID 17724)
-- Name: auth_group_id_seq; Type: SEQUENCE; Schema: public; Owner: postgres
--

ALTER TABLE public.auth_group ALTER COLUMN id ADD GENERATED BY DEFAULT AS IDENTITY (
    SEQUENCE NAME public.auth_group_id_seq
    START WITH 1
    INCREMENT BY 1
    NO MINVALUE
    NO MAXVALUE
    CACHE 1
);


--
-- TOC entry 224 (class 1259 OID 17733)
-- Name: auth_group_permissions; Type: TABLE; Schema: public; Owner: postgres
--

CREATE TABLE public.auth_group_permissions (
    id bigint NOT NULL,
    group_id integer NOT NULL,
    permission_id integer NOT NULL
);


ALTER TABLE public.auth_group_permissions OWNER TO postgres;

--
-- TOC entry 223 (class 1259 OID 17732)
-- Name: auth_group_permissions_id_seq; Type: SEQUENCE; Schema: public; Owner: postgres
--

ALTER TABLE public.auth_group_permissions ALTER COLUMN id ADD GENERATED BY DEFAULT AS IDENTITY (
    SEQUENCE NAME public.auth_group_permissions_id_seq
    START WITH 1
    INCREMENT BY 1
    NO MINVALUE
    NO MAXVALUE
    CACHE 1
);


--
-- TOC entry 220 (class 1259 OID 17719)
-- Name: auth_permission; Type: TABLE; Schema: public; Owner: postgres
--

CREATE TABLE public.auth_permission (
    id integer NOT NULL,
    name character varying(255) NOT NULL,
    content_type_id integer NOT NULL,
    codename character varying(100) NOT NULL
);


ALTER TABLE public.auth_permission OWNER TO postgres;

--
-- TOC entry 219 (class 1259 OID 17718)
-- Name: auth_permission_id_seq; Type: SEQUENCE; Schema: public; Owner: postgres
--

ALTER TABLE public.auth_permission ALTER COLUMN id ADD GENERATED BY DEFAULT AS IDENTITY (
    SEQUENCE NAME public.auth_permission_id_seq
    START WITH 1
    INCREMENT BY 1
    NO MINVALUE
    NO MAXVALUE
    CACHE 1
);


--
-- TOC entry 226 (class 1259 OID 17739)
-- Name: auth_user; Type: TABLE; Schema: public; Owner: postgres
--

CREATE TABLE public.auth_user (
    id integer NOT NULL,
    password character varying(128) NOT NULL,
    last_login timestamp with time zone,
    is_superuser boolean NOT NULL,
    username character varying(150) NOT NULL,
    first_name character varying(150) NOT NULL,
    last_name character varying(150) NOT NULL,
    email character varying(254) NOT NULL,
    is_staff boolean NOT NULL,
    is_active boolean NOT NULL,
    date_joined timestamp with time zone NOT NULL
);


ALTER TABLE public.auth_user OWNER TO postgres;

--
-- TOC entry 228 (class 1259 OID 17747)
-- Name: auth_user_groups; Type: TABLE; Schema: public; Owner: postgres
--

CREATE TABLE public.auth_user_groups (
    id bigint NOT NULL,
    user_id integer NOT NULL,
    group_id integer NOT NULL
);


ALTER TABLE public.auth_user_groups OWNER TO postgres;

--
-- TOC entry 227 (class 1259 OID 17746)
-- Name: auth_user_groups_id_seq; Type: SEQUENCE; Schema: public; Owner: postgres
--

ALTER TABLE public.auth_user_groups ALTER COLUMN id ADD GENERATED BY DEFAULT AS IDENTITY (
    SEQUENCE NAME public.auth_user_groups_id_seq
    START WITH 1
    INCREMENT BY 1
    NO MINVALUE
    NO MAXVALUE
    CACHE 1
);


--
-- TOC entry 225 (class 1259 OID 17738)
-- Name: auth_user_id_seq; Type: SEQUENCE; Schema: public; Owner: postgres
--

ALTER TABLE public.auth_user ALTER COLUMN id ADD GENERATED BY DEFAULT AS IDENTITY (
    SEQUENCE NAME public.auth_user_id_seq
    START WITH 1
    INCREMENT BY 1
    NO MINVALUE
    NO MAXVALUE
    CACHE 1
);


--
-- TOC entry 230 (class 1259 OID 17753)
-- Name: auth_user_user_permissions; Type: TABLE; Schema: public; Owner: postgres
--

CREATE TABLE public.auth_user_user_permissions (
    id bigint NOT NULL,
    user_id integer NOT NULL,
    permission_id integer NOT NULL
);


ALTER TABLE public.auth_user_user_permissions OWNER TO postgres;

--
-- TOC entry 229 (class 1259 OID 17752)
-- Name: auth_user_user_permissions_id_seq; Type: SEQUENCE; Schema: public; Owner: postgres
--

ALTER TABLE public.auth_user_user_permissions ALTER COLUMN id ADD GENERATED BY DEFAULT AS IDENTITY (
    SEQUENCE NAME public.auth_user_user_permissions_id_seq
    START WITH 1
    INCREMENT BY 1
    NO MINVALUE
    NO MAXVALUE
    CACHE 1
);


--
-- TOC entry 232 (class 1259 OID 17811)
-- Name: django_admin_log; Type: TABLE; Schema: public; Owner: postgres
--

CREATE TABLE public.django_admin_log (
    id integer NOT NULL,
    action_time timestamp with time zone NOT NULL,
    object_id text,
    object_repr character varying(200) NOT NULL,
    action_flag smallint NOT NULL,
    change_message text NOT NULL,
    content_type_id integer,
    user_id integer NOT NULL,
    CONSTRAINT django_admin_log_action_flag_check CHECK ((action_flag >= 0))
);


ALTER TABLE public.django_admin_log OWNER TO postgres;

--
-- TOC entry 231 (class 1259 OID 17810)
-- Name: django_admin_log_id_seq; Type: SEQUENCE; Schema: public; Owner: postgres
--

ALTER TABLE public.django_admin_log ALTER COLUMN id ADD GENERATED BY DEFAULT AS IDENTITY (
    SEQUENCE NAME public.django_admin_log_id_seq
    START WITH 1
    INCREMENT BY 1
    NO MINVALUE
    NO MAXVALUE
    CACHE 1
);


--
-- TOC entry 218 (class 1259 OID 17711)
-- Name: django_content_type; Type: TABLE; Schema: public; Owner: postgres
--

CREATE TABLE public.django_content_type (
    id integer NOT NULL,
    app_label character varying(100) NOT NULL,
    model character varying(100) NOT NULL
);


ALTER TABLE public.django_content_type OWNER TO postgres;

--
-- TOC entry 217 (class 1259 OID 17710)
-- Name: django_content_type_id_seq; Type: SEQUENCE; Schema: public; Owner: postgres
--

ALTER TABLE public.django_content_type ALTER COLUMN id ADD GENERATED BY DEFAULT AS IDENTITY (
    SEQUENCE NAME public.django_content_type_id_seq
    START WITH 1
    INCREMENT BY 1
    NO MINVALUE
    NO MAXVALUE
    CACHE 1
);


--
-- TOC entry 216 (class 1259 OID 17703)
-- Name: django_migrations; Type: TABLE; Schema: public; Owner: postgres
--

CREATE TABLE public.django_migrations (
    id bigint NOT NULL,
    app character varying(255) NOT NULL,
    name character varying(255) NOT NULL,
    applied timestamp with time zone NOT NULL
);


ALTER TABLE public.django_migrations OWNER TO postgres;

--
-- TOC entry 215 (class 1259 OID 17702)
-- Name: django_migrations_id_seq; Type: SEQUENCE; Schema: public; Owner: postgres
--

ALTER TABLE public.django_migrations ALTER COLUMN id ADD GENERATED BY DEFAULT AS IDENTITY (
    SEQUENCE NAME public.django_migrations_id_seq
    START WITH 1
    INCREMENT BY 1
    NO MINVALUE
    NO MAXVALUE
    CACHE 1
);


--
-- TOC entry 251 (class 1259 OID 17949)
-- Name: django_session; Type: TABLE; Schema: public; Owner: postgres
--

CREATE TABLE public.django_session (
    session_key character varying(40) NOT NULL,
    session_data text NOT NULL,
    expire_date timestamp with time zone NOT NULL
);


ALTER TABLE public.django_session OWNER TO postgres;

--
-- TOC entry 234 (class 1259 OID 17840)
-- Name: product_category; Type: TABLE; Schema: public; Owner: postgres
--

CREATE TABLE public.product_category (
    id bigint NOT NULL,
    name character varying(30) NOT NULL
);


ALTER TABLE public.product_category OWNER TO postgres;

--
-- TOC entry 233 (class 1259 OID 17839)
-- Name: product_category_id_seq; Type: SEQUENCE; Schema: public; Owner: postgres
--

ALTER TABLE public.product_category ALTER COLUMN id ADD GENERATED BY DEFAULT AS IDENTITY (
    SEQUENCE NAME public.product_category_id_seq
    START WITH 1
    INCREMENT BY 1
    NO MINVALUE
    NO MAXVALUE
    CACHE 1
);


--
-- TOC entry 238 (class 1259 OID 17852)
-- Name: product_product; Type: TABLE; Schema: public; Owner: postgres
--

CREATE TABLE public.product_product (
    id bigint NOT NULL,
    name character varying(30) NOT NULL,
    price numeric(10,2) NOT NULL,
    quantity integer NOT NULL,
    image character varying(100)
);


ALTER TABLE public.product_product OWNER TO postgres;

--
-- TOC entry 240 (class 1259 OID 17858)
-- Name: product_product_category; Type: TABLE; Schema: public; Owner: postgres
--

CREATE TABLE public.product_product_category (
    id bigint NOT NULL,
    product_id bigint NOT NULL,
    category_id bigint NOT NULL
);


ALTER TABLE public.product_product_category OWNER TO postgres;

--
-- TOC entry 239 (class 1259 OID 17857)
-- Name: product_product_category_id_seq; Type: SEQUENCE; Schema: public; Owner: postgres
--

ALTER TABLE public.product_product_category ALTER COLUMN id ADD GENERATED BY DEFAULT AS IDENTITY (
    SEQUENCE NAME public.product_product_category_id_seq
    START WITH 1
    INCREMENT BY 1
    NO MINVALUE
    NO MAXVALUE
    CACHE 1
);


--
-- TOC entry 237 (class 1259 OID 17851)
-- Name: product_product_id_seq; Type: SEQUENCE; Schema: public; Owner: postgres
--

ALTER TABLE public.product_product ALTER COLUMN id ADD GENERATED BY DEFAULT AS IDENTITY (
    SEQUENCE NAME public.product_product_id_seq
    START WITH 1
    INCREMENT BY 1
    NO MINVALUE
    NO MAXVALUE
    CACHE 1
);


--
-- TOC entry 236 (class 1259 OID 17846)
-- Name: product_supplier; Type: TABLE; Schema: public; Owner: postgres
--

CREATE TABLE public.product_supplier (
    id bigint NOT NULL,
    name character varying(25) NOT NULL,
    contact character varying(15) NOT NULL,
    address character varying(75) NOT NULL
);


ALTER TABLE public.product_supplier OWNER TO postgres;

--
-- TOC entry 235 (class 1259 OID 17845)
-- Name: product_supplier_id_seq; Type: SEQUENCE; Schema: public; Owner: postgres
--

ALTER TABLE public.product_supplier ALTER COLUMN id ADD GENERATED BY DEFAULT AS IDENTITY (
    SEQUENCE NAME public.product_supplier_id_seq
    START WITH 1
    INCREMENT BY 1
    NO MINVALUE
    NO MAXVALUE
    CACHE 1
);


--
-- TOC entry 244 (class 1259 OID 17884)
-- Name: record_purchaseorders; Type: TABLE; Schema: public; Owner: postgres
--

CREATE TABLE public.record_purchaseorders (
    id bigint NOT NULL,
    date_ordered date NOT NULL,
    total_cost numeric(10,2) NOT NULL,
    supplier_id bigint NOT NULL
);


ALTER TABLE public.record_purchaseorders OWNER TO postgres;

--
-- TOC entry 246 (class 1259 OID 17890)
-- Name: record_purchaseorders_detail; Type: TABLE; Schema: public; Owner: postgres
--

CREATE TABLE public.record_purchaseorders_detail (
    id bigint NOT NULL,
    quantity integer NOT NULL,
    unit_cost numeric(10,2) NOT NULL,
    product_id bigint NOT NULL,
    purchaseorders_id bigint NOT NULL,
    total_cost numeric(12,2) NOT NULL
);


ALTER TABLE public.record_purchaseorders_detail OWNER TO postgres;

--
-- TOC entry 245 (class 1259 OID 17889)
-- Name: record_purchaseorders_detail_id_seq; Type: SEQUENCE; Schema: public; Owner: postgres
--

ALTER TABLE public.record_purchaseorders_detail ALTER COLUMN id ADD GENERATED BY DEFAULT AS IDENTITY (
    SEQUENCE NAME public.record_purchaseorders_detail_id_seq
    START WITH 1
    INCREMENT BY 1
    NO MINVALUE
    NO MAXVALUE
    CACHE 1
);


--
-- TOC entry 243 (class 1259 OID 17883)
-- Name: record_purchaseorders_id_seq; Type: SEQUENCE; Schema: public; Owner: postgres
--

ALTER TABLE public.record_purchaseorders ALTER COLUMN id ADD GENERATED BY DEFAULT AS IDENTITY (
    SEQUENCE NAME public.record_purchaseorders_id_seq
    START WITH 1
    INCREMENT BY 1
    NO MINVALUE
    NO MAXVALUE
    CACHE 1
);


--
-- TOC entry 242 (class 1259 OID 17878)
-- Name: record_sellorder; Type: TABLE; Schema: public; Owner: postgres
--

CREATE TABLE public.record_sellorder (
    id bigint NOT NULL,
    order_date date NOT NULL,
    total_cost numeric(10,2) NOT NULL
);


ALTER TABLE public.record_sellorder OWNER TO postgres;

--
-- TOC entry 248 (class 1259 OID 17896)
-- Name: record_sellorder_detail; Type: TABLE; Schema: public; Owner: postgres
--

CREATE TABLE public.record_sellorder_detail (
    id bigint NOT NULL,
    quantity integer NOT NULL,
    unit_cost numeric(10,2) NOT NULL,
    product_id bigint NOT NULL,
    sellorder_id bigint NOT NULL,
    total_cost numeric(12,2) NOT NULL
);


ALTER TABLE public.record_sellorder_detail OWNER TO postgres;

--
-- TOC entry 247 (class 1259 OID 17895)
-- Name: record_sellorder_detail_id_seq; Type: SEQUENCE; Schema: public; Owner: postgres
--

ALTER TABLE public.record_sellorder_detail ALTER COLUMN id ADD GENERATED BY DEFAULT AS IDENTITY (
    SEQUENCE NAME public.record_sellorder_detail_id_seq
    START WITH 1
    INCREMENT BY 1
    NO MINVALUE
    NO MAXVALUE
    CACHE 1
);


--
-- TOC entry 241 (class 1259 OID 17877)
-- Name: record_sellorder_id_seq; Type: SEQUENCE; Schema: public; Owner: postgres
--

ALTER TABLE public.record_sellorder ALTER COLUMN id ADD GENERATED BY DEFAULT AS IDENTITY (
    SEQUENCE NAME public.record_sellorder_id_seq
    START WITH 1
    INCREMENT BY 1
    NO MINVALUE
    NO MAXVALUE
    CACHE 1
);


--
-- TOC entry 250 (class 1259 OID 17902)
-- Name: record_transaction; Type: TABLE; Schema: public; Owner: postgres
--

CREATE TABLE public.record_transaction (
    id bigint NOT NULL,
    transaction_type character varying(4) NOT NULL,
    transaction_date date NOT NULL,
    total_amount numeric(10,2) NOT NULL,
    purchaseorders_id bigint,
    sellorder_id bigint
);


ALTER TABLE public.record_transaction OWNER TO postgres;

--
-- TOC entry 249 (class 1259 OID 17901)
-- Name: record_transaction_id_seq; Type: SEQUENCE; Schema: public; Owner: postgres
--

ALTER TABLE public.record_transaction ALTER COLUMN id ADD GENERATED BY DEFAULT AS IDENTITY (
    SEQUENCE NAME public.record_transaction_id_seq
    START WITH 1
    INCREMENT BY 1
    NO MINVALUE
    NO MAXVALUE
    CACHE 1
);


--
-- TOC entry 4968 (class 0 OID 17725)
-- Dependencies: 222
-- Data for Name: auth_group; Type: TABLE DATA; Schema: public; Owner: postgres
--

COPY public.auth_group (id, name) FROM stdin;
2	Seller
3	Product Manager
1	Manager/Owner
\.


--
-- TOC entry 4970 (class 0 OID 17733)
-- Dependencies: 224
-- Data for Name: auth_group_permissions; Type: TABLE DATA; Schema: public; Owner: postgres
--

COPY public.auth_group_permissions (id, group_id, permission_id) FROM stdin;
1	1	1
2	1	2
3	1	3
4	1	4
5	1	5
6	1	6
7	1	7
8	1	8
9	1	9
10	1	10
11	1	11
12	1	12
13	1	13
14	1	14
15	1	15
16	1	16
17	1	17
18	1	18
19	1	19
20	1	20
21	1	21
22	1	22
23	1	23
24	1	24
25	1	25
26	1	26
27	1	27
28	1	28
29	1	29
30	1	30
31	1	31
32	1	32
33	1	33
34	1	34
35	1	35
36	1	36
37	1	37
38	1	38
39	1	39
40	1	40
41	1	41
42	1	42
43	1	43
44	1	44
45	1	45
46	1	46
47	1	47
48	1	48
49	1	49
50	1	50
51	1	51
52	1	52
53	1	53
54	1	54
55	1	55
56	1	56
57	2	37
58	2	38
59	2	39
60	2	40
61	2	56
62	2	25
63	2	26
64	2	27
65	2	28
66	3	29
67	3	30
68	3	31
69	3	32
70	3	33
71	3	34
72	3	35
73	3	36
74	3	45
75	3	46
76	3	47
77	3	48
78	3	49
79	3	50
80	3	51
81	3	52
82	3	53
83	3	54
84	3	55
85	3	56
86	3	13
\.


--
-- TOC entry 4966 (class 0 OID 17719)
-- Dependencies: 220
-- Data for Name: auth_permission; Type: TABLE DATA; Schema: public; Owner: postgres
--

COPY public.auth_permission (id, name, content_type_id, codename) FROM stdin;
1	Can add log entry	1	add_logentry
2	Can change log entry	1	change_logentry
3	Can delete log entry	1	delete_logentry
4	Can view log entry	1	view_logentry
5	Can add permission	2	add_permission
6	Can change permission	2	change_permission
7	Can delete permission	2	delete_permission
8	Can view permission	2	view_permission
9	Can add group	3	add_group
10	Can change group	3	change_group
11	Can delete group	3	delete_group
12	Can view group	3	view_group
13	Can add user	4	add_user
14	Can change user	4	change_user
15	Can delete user	4	delete_user
16	Can view user	4	view_user
17	Can add content type	5	add_contenttype
18	Can change content type	5	change_contenttype
19	Can delete content type	5	delete_contenttype
20	Can view content type	5	view_contenttype
21	Can add session	6	add_session
22	Can change session	6	change_session
23	Can delete session	6	delete_session
24	Can view session	6	view_session
25	Can add sell order	7	add_sellorder
26	Can change sell order	7	change_sellorder
27	Can delete sell order	7	delete_sellorder
28	Can view sell order	7	view_sellorder
29	Can add purchase orders	8	add_purchaseorders
30	Can change purchase orders	8	change_purchaseorders
31	Can delete purchase orders	8	delete_purchaseorders
32	Can view purchase orders	8	view_purchaseorders
33	Can add purchase orders_detail	9	add_purchaseorders_detail
34	Can change purchase orders_detail	9	change_purchaseorders_detail
35	Can delete purchase orders_detail	9	delete_purchaseorders_detail
36	Can view purchase orders_detail	9	view_purchaseorders_detail
37	Can add sell order_detail	10	add_sellorder_detail
38	Can change sell order_detail	10	change_sellorder_detail
39	Can delete sell order_detail	10	delete_sellorder_detail
40	Can view sell order_detail	10	view_sellorder_detail
41	Can add transaction	11	add_transaction
42	Can change transaction	11	change_transaction
43	Can delete transaction	11	delete_transaction
44	Can view transaction	11	view_transaction
45	Can add category	12	add_category
46	Can change category	12	change_category
47	Can delete category	12	delete_category
48	Can view category	12	view_category
49	Can add supplier	13	add_supplier
50	Can change supplier	13	change_supplier
51	Can delete supplier	13	delete_supplier
52	Can view supplier	13	view_supplier
53	Can add product	14	add_product
54	Can change product	14	change_product
55	Can delete product	14	delete_product
56	Can view product	14	view_product
\.


--
-- TOC entry 4972 (class 0 OID 17739)
-- Dependencies: 226
-- Data for Name: auth_user; Type: TABLE DATA; Schema: public; Owner: postgres
--

COPY public.auth_user (id, password, last_login, is_superuser, username, first_name, last_name, email, is_staff, is_active, date_joined) FROM stdin;
2	pbkdf2_sha256$870000$LpoNVkK7A9aqyNmSZ1C2ts$h0xhCkFwBhXmYTLEizZEl5VZ1SDFe89YRivbDMJq5Wk=	2024-10-05 19:18:23.103695+07	f	plamn	Suphawit	Pattamapassakun	plamn147@gmail.com	f	t	2024-10-05 17:29:27.776783+07
1	pbkdf2_sha256$870000$vC2rdRUsKHJhETpNFAKE3V$E+ghpwEOuKHKWE2uhfBrca6P4fQW7tXsiKDwaK3ekvA=	2024-10-17 04:32:35.889207+07	t	admin			admin@gmail.com	t	t	2024-10-05 17:25:13.251509+07
6	pbkdf2_sha256$870000$ZV4A5iXw8jrkNL3gqZgQrX$JTQ/gZuBxjv5ec6nMHy4birkmMvwDX9EeV1xUWq0KXw=	2024-10-17 04:38:56.706448+07	f	Jone	Jone	Doe	Jone@gmail.com	f	t	2024-10-17 00:41:37.869476+07
7	pbkdf2_sha256$870000$jBkglvSU6WuXjeWTWJlM9i$voRrerQmKy0sbKNQaSi6zpTuCXjKHwIHjSYON2loVVU=	2024-10-17 04:52:09.324058+07	f	Marry547	Marry	Flower	marry445@gmail.com	f	t	2024-10-17 00:42:15.613564+07
8	pbkdf2_sha256$870000$wezi8DbbtsQicIMJhYQIK4$7ged2g9NLnHPfkrUad8GCUz08eYdLjnvPWm+6Y2hQks=	2024-10-17 04:52:28.794779+07	f	OvienBaa	Ovien	Bacon	Ovienbaa@gmail.com	f	t	2024-10-17 00:42:48.620795+07
\.


--
-- TOC entry 4974 (class 0 OID 17747)
-- Dependencies: 228
-- Data for Name: auth_user_groups; Type: TABLE DATA; Schema: public; Owner: postgres
--

COPY public.auth_user_groups (id, user_id, group_id) FROM stdin;
1	6	2
2	7	3
3	8	1
\.


--
-- TOC entry 4976 (class 0 OID 17753)
-- Dependencies: 230
-- Data for Name: auth_user_user_permissions; Type: TABLE DATA; Schema: public; Owner: postgres
--

COPY public.auth_user_user_permissions (id, user_id, permission_id) FROM stdin;
\.


--
-- TOC entry 4978 (class 0 OID 17811)
-- Dependencies: 232
-- Data for Name: django_admin_log; Type: TABLE DATA; Schema: public; Owner: postgres
--

COPY public.django_admin_log (id, action_time, object_id, object_repr, action_flag, change_message, content_type_id, user_id) FROM stdin;
1	2024-10-05 17:25:46.631177+07	1	Owner	1	[{"added": {}}]	3	1
2	2024-10-05 17:26:37.289837+07	2	Seller	1	[{"added": {}}]	3	1
3	2024-10-05 17:27:32.435384+07	3	Product Manager	1	[{"added": {}}]	3	1
4	2024-10-17 00:16:11.833828+07	3	Product Manager	2	[{"changed": {"fields": ["Permissions"]}}]	3	1
5	2024-10-17 00:16:57.504965+07	1	Manager/Owner	2	[{"changed": {"fields": ["Name"]}}]	3	1
\.


--
-- TOC entry 4964 (class 0 OID 17711)
-- Dependencies: 218
-- Data for Name: django_content_type; Type: TABLE DATA; Schema: public; Owner: postgres
--

COPY public.django_content_type (id, app_label, model) FROM stdin;
1	admin	logentry
2	auth	permission
3	auth	group
4	auth	user
5	contenttypes	contenttype
6	sessions	session
7	record	sellorder
8	record	purchaseorders
9	record	purchaseorders_detail
10	record	sellorder_detail
11	record	transaction
12	product	category
13	product	supplier
14	product	product
\.


--
-- TOC entry 4962 (class 0 OID 17703)
-- Dependencies: 216
-- Data for Name: django_migrations; Type: TABLE DATA; Schema: public; Owner: postgres
--

COPY public.django_migrations (id, app, name, applied) FROM stdin;
1	contenttypes	0001_initial	2024-10-05 17:16:10.780275+07
2	auth	0001_initial	2024-10-05 17:16:10.919801+07
3	admin	0001_initial	2024-10-05 17:16:10.953493+07
4	admin	0002_logentry_remove_auto_add	2024-10-05 17:16:10.960507+07
5	admin	0003_logentry_add_action_flag_choices	2024-10-05 17:16:10.966227+07
6	contenttypes	0002_remove_content_type_name	2024-10-05 17:16:10.979227+07
7	auth	0002_alter_permission_name_max_length	2024-10-05 17:16:10.985227+07
8	auth	0003_alter_user_email_max_length	2024-10-05 17:16:10.991226+07
9	auth	0004_alter_user_username_opts	2024-10-05 17:16:10.997236+07
10	auth	0005_alter_user_last_login_null	2024-10-05 17:16:11.003226+07
11	auth	0006_require_contenttypes_0002	2024-10-05 17:16:11.004243+07
12	auth	0007_alter_validators_add_error_messages	2024-10-05 17:16:11.012236+07
13	auth	0008_alter_user_username_max_length	2024-10-05 17:16:11.027739+07
14	auth	0009_alter_user_last_name_max_length	2024-10-05 17:16:11.033749+07
15	auth	0010_alter_group_name_max_length	2024-10-05 17:16:11.040749+07
16	auth	0011_update_proxy_permissions	2024-10-05 17:16:11.046738+07
17	auth	0012_alter_user_first_name_max_length	2024-10-05 17:16:11.051777+07
18	product	0001_initial	2024-10-05 17:16:11.108766+07
19	record	0001_initial	2024-10-05 17:16:11.214036+07
20	sessions	0001_initial	2024-10-05 17:16:11.258808+07
21	product	0002_product_image_alter_product_quantity	2024-10-13 04:14:12.165778+07
22	record	0002_alter_purchaseorders_date_ordered	2024-10-13 04:14:12.183158+07
23	record	0003_alter_sellorder_order_date_and_more	2024-10-14 23:17:00.367452+07
24	product	0003_remove_product_description	2024-10-14 23:20:58.268344+07
25	record	0004_rename_total_amount_sellorder_total_cost	2024-10-14 23:20:58.274966+07
26	record	0005_purchaseorders_detail_total_cost_and_more	2024-10-16 06:48:13.084821+07
\.


--
-- TOC entry 4997 (class 0 OID 17949)
-- Dependencies: 251
-- Data for Name: django_session; Type: TABLE DATA; Schema: public; Owner: postgres
--

COPY public.django_session (session_key, session_data, expire_date) FROM stdin;
sj7ltjuaq8s5yfu19lbfbh2gh1lm2qcu	.eJxVjDEOwjAMAP-SGUWJQ5qUkZ03VHZt0wJqpKadEH9HkTrAene6txlw36Zhr7IOM5uLAXP6ZYTjU5Ym-IHLvdixLNs6k22JPWy1t8Lyuh7t32DCOrWth14jgvpAqF45aUySHDtg0FHE0RmTi71qBu5yDNhl7TxwJBIJ5vMF93c4kA:1sx3jr:eipFPHAoRP7YstULrE1HmlrzZjd6YxxmrL7kj0NKNFU	2024-10-19 19:18:23.105276+07
j8sgjogwbkrgbfn21cks0mnkkvj1qp2l	.eJxVjMsOwiAQRf-FtSF0KDB16d5vIMNjpGogKe3K-O_apAvd3nPOfQlP21r81vPi5yTOAsXpdwsUH7nuIN2p3pqMra7LHOSuyIN2eW0pPy-H-3dQqJdvbTAYFRRbgKitCThkN-BoDTlNmXlKVimwkTUqnBIwR3ROA6RsRxNRvD_O4Tdc:1t1BwS:4KPVdjykzK86Kcd8pDwrw5XX34Qe0C7ySa_74yNGwBI	2024-10-31 04:52:28.795747+07
\.


--
-- TOC entry 4980 (class 0 OID 17840)
-- Dependencies: 234
-- Data for Name: product_category; Type: TABLE DATA; Schema: public; Owner: postgres
--

COPY public.product_category (id, name) FROM stdin;
1	กำไลข้อมือ
2	สร้อยคอ
3	ทองคำ
4	แหวน
5	นาฬิกา
6	ต่างหู
7	เพรช
8	พลอย
9	อัญมณี
\.


--
-- TOC entry 4984 (class 0 OID 17852)
-- Dependencies: 238
-- Data for Name: product_product; Type: TABLE DATA; Schema: public; Owner: postgres
--

COPY public.product_product (id, name, price, quantity, image) FROM stdin;
17	แหวนเพชรแท้ Lab Grown Diamond	11400.00	8	1RG1WGA-510x510.png
18	ต่างหู Triomphe Mobile	17500.00	6	46X556BRA.35OR_1_FALL21_v2.webp
10	กำไลข้อมือประดับเพชร	115000.00	15	105B0543-01-600x600.jpg.webp
16	แหวนแบบผูกปม	14500.00	10	46N636BRA.35OR_1_LIBRARY.webp
11	สร้อยข้อมือทองคำ ประดับอัญมณี	13500.00	11	993L0002-01-600x600.jpg
12	สร้อยคอทองคำ Sunflower	129472.00	11	111N3132-01-600x600.jpg.webp
13	สร้อยคอทองคำประดับอัญมณีโกเมน	938500.00	2	165N0565-600x600.jpg.webp
14	Haratamaki Necklace Silver	1290.00	63	A24F1WJ012_SLV000_1_0257bb94-96ad-47a6-8c0e-c3708e9eb523.webp
15	นาฬิกาข้อมือ สายหนัง	450.00	25	cn-11134207-7qukw-lj6w6sp3upa23f.webp
\.


--
-- TOC entry 4986 (class 0 OID 17858)
-- Dependencies: 240
-- Data for Name: product_product_category; Type: TABLE DATA; Schema: public; Owner: postgres
--

COPY public.product_product_category (id, product_id, category_id) FROM stdin;
11	10	1
12	10	7
13	11	1
14	11	3
15	11	9
16	12	2
17	12	3
18	13	9
19	13	2
20	13	3
21	14	2
22	15	5
23	16	3
24	16	4
25	17	4
26	17	7
27	18	6
\.


--
-- TOC entry 4982 (class 0 OID 17846)
-- Dependencies: 236
-- Data for Name: product_supplier; Type: TABLE DATA; Schema: public; Owner: postgres
--

COPY public.product_supplier (id, name, contact, address) FROM stdin;
1	Supplier1	+66995610396	123/456 Bangkok thailand
2	Product Manager	+66995610396	123/456 Bangkok thailand
3	Owner	+66995610396	sadasdasdw
\.


--
-- TOC entry 4990 (class 0 OID 17884)
-- Dependencies: 244
-- Data for Name: record_purchaseorders; Type: TABLE DATA; Schema: public; Owner: postgres
--

COPY public.record_purchaseorders (id, date_ordered, total_cost, supplier_id) FROM stdin;
7	2024-10-15	413000.00	2
8	2024-10-16	12467976.00	2
9	2024-10-17	21000.00	1
10	2024-10-17	35000.00	1
11	2024-10-17	20000.00	3
13	2024-10-17	25000.00	2
14	2024-10-17	7000.00	2
21	2024-10-17	15000.00	1
75	2024-10-17	1.00	1
77	2024-10-17	1.00	1
78	2024-10-17	500.00	1
79	2024-10-17	0.00	1
83	2024-10-17	1.00	2
84	2024-10-17	1.00	1
86	2024-10-17	501.00	1
87	2024-10-17	0.00	2
91	2024-10-17	5000.00	1
94	2024-10-17	1.00	1
95	2024-10-17	25.00	2
96	2024-10-17	0.00	2
99	2024-10-17	5000000.00	2
100	2024-10-17	40000.00	1
49	2024-10-17	1.00	3
101	2024-10-17	4500000.00	2
\.


--
-- TOC entry 4992 (class 0 OID 17890)
-- Dependencies: 246
-- Data for Name: record_purchaseorders_detail; Type: TABLE DATA; Schema: public; Owner: postgres
--

COPY public.record_purchaseorders_detail (id, quantity, unit_cost, product_id, purchaseorders_id, total_cost) FROM stdin;
34	40	1000.00	14	100	40000.00
35	5	900000.00	11	101	4500000.00
\.


--
-- TOC entry 4988 (class 0 OID 17878)
-- Dependencies: 242
-- Data for Name: record_sellorder; Type: TABLE DATA; Schema: public; Owner: postgres
--

COPY public.record_sellorder (id, order_date, total_cost) FROM stdin;
2	2024-10-15	145508.00
5	2024-10-16	0.00
6	2024-10-16	2100.00
7	2024-10-16	720.00
8	2024-10-16	13500.00
9	2024-10-17	35000.00
10	2024-10-17	35000.00
14	2024-10-17	6000.00
15	2024-10-17	600.00
16	2024-10-17	2.00
17	2024-10-17	120.00
18	2024-10-17	150.00
19	2024-10-17	180.00
20	2024-10-17	24.00
23	2024-10-17	0.00
24	2024-10-17	100.00
25	2024-10-17	100.00
26	2024-10-17	1.00
31	2024-10-17	50.00
32	2024-10-17	50.00
33	2024-10-17	50.00
34	2024-10-17	50.00
35	2024-10-17	50.00
36	2024-10-17	115000.00
37	2024-10-17	450.00
38	2024-10-17	900.00
39	2024-10-17	14500.00
40	2024-10-17	2580.00
41	2024-10-17	115000.00
42	2024-10-17	2580.00
43	2024-10-17	13500.00
44	2024-10-17	5160.00
45	2024-10-17	938500.00
46	2024-10-17	1456388.00
47	2024-10-17	12900.00
48	2024-10-17	900.00
\.


--
-- TOC entry 4994 (class 0 OID 17896)
-- Dependencies: 248
-- Data for Name: record_sellorder_detail; Type: TABLE DATA; Schema: public; Owner: postgres
--

COPY public.record_sellorder_detail (id, quantity, unit_cost, product_id, sellorder_id, total_cost) FROM stdin;
36	1	115000.00	10	36	115000.00
37	1	450.00	15	37	450.00
38	2	450.00	15	38	900.00
39	1	14500.00	16	39	14500.00
40	2	1290.00	14	40	2580.00
41	1	115000.00	10	41	115000.00
42	2	1290.00	14	42	2580.00
43	1	13500.00	11	43	13500.00
44	4	1290.00	14	44	5160.00
45	1	938500.00	13	45	938500.00
46	4	129472.00	12	46	517888.00
47	1	938500.00	13	46	938500.00
48	10	1290.00	14	47	12900.00
49	2	450.00	15	48	900.00
\.


--
-- TOC entry 4996 (class 0 OID 17902)
-- Dependencies: 250
-- Data for Name: record_transaction; Type: TABLE DATA; Schema: public; Owner: postgres
--

COPY public.record_transaction (id, transaction_type, transaction_date, total_amount, purchaseorders_id, sellorder_id) FROM stdin;
1	buy	2024-10-15	413000.00	7	\N
2	sell	2024-10-15	145508.00	\N	2
3	sell	2024-10-16	0.00	\N	5
4	sell	2024-10-16	2100.00	\N	6
5	sell	2024-10-16	720.00	\N	7
6	sell	2024-10-16	13500.00	\N	8
7	buy	2024-10-16	12467976.00	8	\N
8	buy	2024-10-17	21000.00	9	\N
9	buy	2024-10-17	35000.00	10	\N
10	buy	2024-10-17	20000.00	11	\N
12	buy	2024-10-17	25000.00	13	\N
13	buy	2024-10-17	7000.00	14	\N
14	sell	2024-10-17	35000.00	\N	9
15	sell	2024-10-17	35000.00	\N	10
76	buy	2024-10-17	1.00	75	\N
22	buy	2024-10-17	15000.00	21	\N
78	buy	2024-10-17	1.00	77	\N
79	buy	2024-10-17	500.00	78	\N
80	buy	2024-10-17	0.00	79	\N
84	buy	2024-10-17	1.00	83	\N
85	buy	2024-10-17	1.00	84	\N
87	buy	2024-10-17	501.00	86	\N
88	buy	2024-10-17	0.00	87	\N
92	buy	2024-10-17	5000.00	91	\N
96	sell	2024-10-17	6000.00	\N	14
97	sell	2024-10-17	600.00	\N	15
98	sell	2024-10-17	2.00	\N	16
99	sell	2024-10-17	120.00	\N	17
100	sell	2024-10-17	150.00	\N	18
101	sell	2024-10-17	180.00	\N	19
102	sell	2024-10-17	24.00	\N	20
50	buy	2024-10-17	1.00	49	\N
105	sell	2024-10-17	0.00	\N	23
106	sell	2024-10-17	100.00	\N	24
107	sell	2024-10-17	100.00	\N	25
108	sell	2024-10-17	1.00	\N	26
112	buy	2024-10-17	1.00	94	\N
113	buy	2024-10-17	25.00	95	\N
114	buy	2024-10-17	0.00	96	\N
118	sell	2024-10-17	50.00	\N	31
119	sell	2024-10-17	50.00	\N	32
120	sell	2024-10-17	50.00	\N	33
121	sell	2024-10-17	50.00	\N	34
122	sell	2024-10-17	50.00	\N	35
125	buy	2024-10-17	5000000.00	99	\N
126	sell	2024-10-17	115000.00	\N	36
127	sell	2024-10-17	450.00	\N	37
128	sell	2024-10-17	900.00	\N	38
129	sell	2024-10-17	14500.00	\N	39
130	sell	2024-10-17	2580.00	\N	40
131	sell	2024-10-17	115000.00	\N	41
132	sell	2024-10-17	2580.00	\N	42
133	sell	2024-10-17	13500.00	\N	43
134	sell	2024-10-17	5160.00	\N	44
135	buy	2024-10-17	40000.00	100	\N
136	sell	2024-10-17	938500.00	\N	45
137	buy	2024-10-17	4500000.00	101	\N
138	sell	2024-10-17	1456388.00	\N	46
139	sell	2024-10-17	12900.00	\N	47
140	sell	2024-10-17	900.00	\N	48
\.


--
-- TOC entry 5003 (class 0 OID 0)
-- Dependencies: 221
-- Name: auth_group_id_seq; Type: SEQUENCE SET; Schema: public; Owner: postgres
--

SELECT pg_catalog.setval('public.auth_group_id_seq', 3, true);


--
-- TOC entry 5004 (class 0 OID 0)
-- Dependencies: 223
-- Name: auth_group_permissions_id_seq; Type: SEQUENCE SET; Schema: public; Owner: postgres
--

SELECT pg_catalog.setval('public.auth_group_permissions_id_seq', 86, true);


--
-- TOC entry 5005 (class 0 OID 0)
-- Dependencies: 219
-- Name: auth_permission_id_seq; Type: SEQUENCE SET; Schema: public; Owner: postgres
--

SELECT pg_catalog.setval('public.auth_permission_id_seq', 56, true);


--
-- TOC entry 5006 (class 0 OID 0)
-- Dependencies: 227
-- Name: auth_user_groups_id_seq; Type: SEQUENCE SET; Schema: public; Owner: postgres
--

SELECT pg_catalog.setval('public.auth_user_groups_id_seq', 3, true);


--
-- TOC entry 5007 (class 0 OID 0)
-- Dependencies: 225
-- Name: auth_user_id_seq; Type: SEQUENCE SET; Schema: public; Owner: postgres
--

SELECT pg_catalog.setval('public.auth_user_id_seq', 8, true);


--
-- TOC entry 5008 (class 0 OID 0)
-- Dependencies: 229
-- Name: auth_user_user_permissions_id_seq; Type: SEQUENCE SET; Schema: public; Owner: postgres
--

SELECT pg_catalog.setval('public.auth_user_user_permissions_id_seq', 1, false);


--
-- TOC entry 5009 (class 0 OID 0)
-- Dependencies: 231
-- Name: django_admin_log_id_seq; Type: SEQUENCE SET; Schema: public; Owner: postgres
--

SELECT pg_catalog.setval('public.django_admin_log_id_seq', 5, true);


--
-- TOC entry 5010 (class 0 OID 0)
-- Dependencies: 217
-- Name: django_content_type_id_seq; Type: SEQUENCE SET; Schema: public; Owner: postgres
--

SELECT pg_catalog.setval('public.django_content_type_id_seq', 14, true);


--
-- TOC entry 5011 (class 0 OID 0)
-- Dependencies: 215
-- Name: django_migrations_id_seq; Type: SEQUENCE SET; Schema: public; Owner: postgres
--

SELECT pg_catalog.setval('public.django_migrations_id_seq', 26, true);


--
-- TOC entry 5012 (class 0 OID 0)
-- Dependencies: 233
-- Name: product_category_id_seq; Type: SEQUENCE SET; Schema: public; Owner: postgres
--

SELECT pg_catalog.setval('public.product_category_id_seq', 9, true);


--
-- TOC entry 5013 (class 0 OID 0)
-- Dependencies: 239
-- Name: product_product_category_id_seq; Type: SEQUENCE SET; Schema: public; Owner: postgres
--

SELECT pg_catalog.setval('public.product_product_category_id_seq', 27, true);


--
-- TOC entry 5014 (class 0 OID 0)
-- Dependencies: 237
-- Name: product_product_id_seq; Type: SEQUENCE SET; Schema: public; Owner: postgres
--

SELECT pg_catalog.setval('public.product_product_id_seq', 18, true);


--
-- TOC entry 5015 (class 0 OID 0)
-- Dependencies: 235
-- Name: product_supplier_id_seq; Type: SEQUENCE SET; Schema: public; Owner: postgres
--

SELECT pg_catalog.setval('public.product_supplier_id_seq', 3, true);


--
-- TOC entry 5016 (class 0 OID 0)
-- Dependencies: 245
-- Name: record_purchaseorders_detail_id_seq; Type: SEQUENCE SET; Schema: public; Owner: postgres
--

SELECT pg_catalog.setval('public.record_purchaseorders_detail_id_seq', 35, true);


--
-- TOC entry 5017 (class 0 OID 0)
-- Dependencies: 243
-- Name: record_purchaseorders_id_seq; Type: SEQUENCE SET; Schema: public; Owner: postgres
--

SELECT pg_catalog.setval('public.record_purchaseorders_id_seq', 101, true);


--
-- TOC entry 5018 (class 0 OID 0)
-- Dependencies: 247
-- Name: record_sellorder_detail_id_seq; Type: SEQUENCE SET; Schema: public; Owner: postgres
--

SELECT pg_catalog.setval('public.record_sellorder_detail_id_seq', 49, true);


--
-- TOC entry 5019 (class 0 OID 0)
-- Dependencies: 241
-- Name: record_sellorder_id_seq; Type: SEQUENCE SET; Schema: public; Owner: postgres
--

SELECT pg_catalog.setval('public.record_sellorder_id_seq', 48, true);


--
-- TOC entry 5020 (class 0 OID 0)
-- Dependencies: 249
-- Name: record_transaction_id_seq; Type: SEQUENCE SET; Schema: public; Owner: postgres
--

SELECT pg_catalog.setval('public.record_transaction_id_seq', 140, true);


--
-- TOC entry 4737 (class 2606 OID 17837)
-- Name: auth_group auth_group_name_key; Type: CONSTRAINT; Schema: public; Owner: postgres
--

ALTER TABLE ONLY public.auth_group
    ADD CONSTRAINT auth_group_name_key UNIQUE (name);


--
-- TOC entry 4742 (class 2606 OID 17768)
-- Name: auth_group_permissions auth_group_permissions_group_id_permission_id_0cd325b0_uniq; Type: CONSTRAINT; Schema: public; Owner: postgres
--

ALTER TABLE ONLY public.auth_group_permissions
    ADD CONSTRAINT auth_group_permissions_group_id_permission_id_0cd325b0_uniq UNIQUE (group_id, permission_id);


--
-- TOC entry 4745 (class 2606 OID 17737)
-- Name: auth_group_permissions auth_group_permissions_pkey; Type: CONSTRAINT; Schema: public; Owner: postgres
--

ALTER TABLE ONLY public.auth_group_permissions
    ADD CONSTRAINT auth_group_permissions_pkey PRIMARY KEY (id);


--
-- TOC entry 4739 (class 2606 OID 17729)
-- Name: auth_group auth_group_pkey; Type: CONSTRAINT; Schema: public; Owner: postgres
--

ALTER TABLE ONLY public.auth_group
    ADD CONSTRAINT auth_group_pkey PRIMARY KEY (id);


--
-- TOC entry 4732 (class 2606 OID 17759)
-- Name: auth_permission auth_permission_content_type_id_codename_01ab375a_uniq; Type: CONSTRAINT; Schema: public; Owner: postgres
--

ALTER TABLE ONLY public.auth_permission
    ADD CONSTRAINT auth_permission_content_type_id_codename_01ab375a_uniq UNIQUE (content_type_id, codename);


--
-- TOC entry 4734 (class 2606 OID 17723)
-- Name: auth_permission auth_permission_pkey; Type: CONSTRAINT; Schema: public; Owner: postgres
--

ALTER TABLE ONLY public.auth_permission
    ADD CONSTRAINT auth_permission_pkey PRIMARY KEY (id);


--
-- TOC entry 4753 (class 2606 OID 17751)
-- Name: auth_user_groups auth_user_groups_pkey; Type: CONSTRAINT; Schema: public; Owner: postgres
--

ALTER TABLE ONLY public.auth_user_groups
    ADD CONSTRAINT auth_user_groups_pkey PRIMARY KEY (id);


--
-- TOC entry 4756 (class 2606 OID 17783)
-- Name: auth_user_groups auth_user_groups_user_id_group_id_94350c0c_uniq; Type: CONSTRAINT; Schema: public; Owner: postgres
--

ALTER TABLE ONLY public.auth_user_groups
    ADD CONSTRAINT auth_user_groups_user_id_group_id_94350c0c_uniq UNIQUE (user_id, group_id);


--
-- TOC entry 4747 (class 2606 OID 17743)
-- Name: auth_user auth_user_pkey; Type: CONSTRAINT; Schema: public; Owner: postgres
--

ALTER TABLE ONLY public.auth_user
    ADD CONSTRAINT auth_user_pkey PRIMARY KEY (id);


--
-- TOC entry 4759 (class 2606 OID 17757)
-- Name: auth_user_user_permissions auth_user_user_permissions_pkey; Type: CONSTRAINT; Schema: public; Owner: postgres
--

ALTER TABLE ONLY public.auth_user_user_permissions
    ADD CONSTRAINT auth_user_user_permissions_pkey PRIMARY KEY (id);


--
-- TOC entry 4762 (class 2606 OID 17797)
-- Name: auth_user_user_permissions auth_user_user_permissions_user_id_permission_id_14a6b632_uniq; Type: CONSTRAINT; Schema: public; Owner: postgres
--

ALTER TABLE ONLY public.auth_user_user_permissions
    ADD CONSTRAINT auth_user_user_permissions_user_id_permission_id_14a6b632_uniq UNIQUE (user_id, permission_id);


--
-- TOC entry 4750 (class 2606 OID 17832)
-- Name: auth_user auth_user_username_key; Type: CONSTRAINT; Schema: public; Owner: postgres
--

ALTER TABLE ONLY public.auth_user
    ADD CONSTRAINT auth_user_username_key UNIQUE (username);


--
-- TOC entry 4765 (class 2606 OID 17818)
-- Name: django_admin_log django_admin_log_pkey; Type: CONSTRAINT; Schema: public; Owner: postgres
--

ALTER TABLE ONLY public.django_admin_log
    ADD CONSTRAINT django_admin_log_pkey PRIMARY KEY (id);


--
-- TOC entry 4727 (class 2606 OID 17717)
-- Name: django_content_type django_content_type_app_label_model_76bd3d3b_uniq; Type: CONSTRAINT; Schema: public; Owner: postgres
--

ALTER TABLE ONLY public.django_content_type
    ADD CONSTRAINT django_content_type_app_label_model_76bd3d3b_uniq UNIQUE (app_label, model);


--
-- TOC entry 4729 (class 2606 OID 17715)
-- Name: django_content_type django_content_type_pkey; Type: CONSTRAINT; Schema: public; Owner: postgres
--

ALTER TABLE ONLY public.django_content_type
    ADD CONSTRAINT django_content_type_pkey PRIMARY KEY (id);


--
-- TOC entry 4725 (class 2606 OID 17709)
-- Name: django_migrations django_migrations_pkey; Type: CONSTRAINT; Schema: public; Owner: postgres
--

ALTER TABLE ONLY public.django_migrations
    ADD CONSTRAINT django_migrations_pkey PRIMARY KEY (id);


--
-- TOC entry 4798 (class 2606 OID 17955)
-- Name: django_session django_session_pkey; Type: CONSTRAINT; Schema: public; Owner: postgres
--

ALTER TABLE ONLY public.django_session
    ADD CONSTRAINT django_session_pkey PRIMARY KEY (session_key);


--
-- TOC entry 4768 (class 2606 OID 17844)
-- Name: product_category product_category_pkey; Type: CONSTRAINT; Schema: public; Owner: postgres
--

ALTER TABLE ONLY public.product_category
    ADD CONSTRAINT product_category_pkey PRIMARY KEY (id);


--
-- TOC entry 4775 (class 2606 OID 17862)
-- Name: product_product_category product_product_category_pkey; Type: CONSTRAINT; Schema: public; Owner: postgres
--

ALTER TABLE ONLY public.product_product_category
    ADD CONSTRAINT product_product_category_pkey PRIMARY KEY (id);


--
-- TOC entry 4777 (class 2606 OID 17864)
-- Name: product_product_category product_product_category_product_id_category_id_5e811dc1_uniq; Type: CONSTRAINT; Schema: public; Owner: postgres
--

ALTER TABLE ONLY public.product_product_category
    ADD CONSTRAINT product_product_category_product_id_category_id_5e811dc1_uniq UNIQUE (product_id, category_id);


--
-- TOC entry 4772 (class 2606 OID 17856)
-- Name: product_product product_product_pkey; Type: CONSTRAINT; Schema: public; Owner: postgres
--

ALTER TABLE ONLY public.product_product
    ADD CONSTRAINT product_product_pkey PRIMARY KEY (id);


--
-- TOC entry 4770 (class 2606 OID 17850)
-- Name: product_supplier product_supplier_pkey; Type: CONSTRAINT; Schema: public; Owner: postgres
--

ALTER TABLE ONLY public.product_supplier
    ADD CONSTRAINT product_supplier_pkey PRIMARY KEY (id);


--
-- TOC entry 4785 (class 2606 OID 17894)
-- Name: record_purchaseorders_detail record_purchaseorders_detail_pkey; Type: CONSTRAINT; Schema: public; Owner: postgres
--

ALTER TABLE ONLY public.record_purchaseorders_detail
    ADD CONSTRAINT record_purchaseorders_detail_pkey PRIMARY KEY (id);


--
-- TOC entry 4782 (class 2606 OID 17888)
-- Name: record_purchaseorders record_purchaseorders_pkey; Type: CONSTRAINT; Schema: public; Owner: postgres
--

ALTER TABLE ONLY public.record_purchaseorders
    ADD CONSTRAINT record_purchaseorders_pkey PRIMARY KEY (id);


--
-- TOC entry 4789 (class 2606 OID 17900)
-- Name: record_sellorder_detail record_sellorder_detail_pkey; Type: CONSTRAINT; Schema: public; Owner: postgres
--

ALTER TABLE ONLY public.record_sellorder_detail
    ADD CONSTRAINT record_sellorder_detail_pkey PRIMARY KEY (id);


--
-- TOC entry 4780 (class 2606 OID 17882)
-- Name: record_sellorder record_sellorder_pkey; Type: CONSTRAINT; Schema: public; Owner: postgres
--

ALTER TABLE ONLY public.record_sellorder
    ADD CONSTRAINT record_sellorder_pkey PRIMARY KEY (id);


--
-- TOC entry 4793 (class 2606 OID 17906)
-- Name: record_transaction record_transaction_pkey; Type: CONSTRAINT; Schema: public; Owner: postgres
--

ALTER TABLE ONLY public.record_transaction
    ADD CONSTRAINT record_transaction_pkey PRIMARY KEY (id);


--
-- TOC entry 4735 (class 1259 OID 17838)
-- Name: auth_group_name_a6ea08ec_like; Type: INDEX; Schema: public; Owner: postgres
--

CREATE INDEX auth_group_name_a6ea08ec_like ON public.auth_group USING btree (name varchar_pattern_ops);


--
-- TOC entry 4740 (class 1259 OID 17779)
-- Name: auth_group_permissions_group_id_b120cbf9; Type: INDEX; Schema: public; Owner: postgres
--

CREATE INDEX auth_group_permissions_group_id_b120cbf9 ON public.auth_group_permissions USING btree (group_id);


--
-- TOC entry 4743 (class 1259 OID 17780)
-- Name: auth_group_permissions_permission_id_84c5c92e; Type: INDEX; Schema: public; Owner: postgres
--

CREATE INDEX auth_group_permissions_permission_id_84c5c92e ON public.auth_group_permissions USING btree (permission_id);


--
-- TOC entry 4730 (class 1259 OID 17765)
-- Name: auth_permission_content_type_id_2f476e4b; Type: INDEX; Schema: public; Owner: postgres
--

CREATE INDEX auth_permission_content_type_id_2f476e4b ON public.auth_permission USING btree (content_type_id);


--
-- TOC entry 4751 (class 1259 OID 17795)
-- Name: auth_user_groups_group_id_97559544; Type: INDEX; Schema: public; Owner: postgres
--

CREATE INDEX auth_user_groups_group_id_97559544 ON public.auth_user_groups USING btree (group_id);


--
-- TOC entry 4754 (class 1259 OID 17794)
-- Name: auth_user_groups_user_id_6a12ed8b; Type: INDEX; Schema: public; Owner: postgres
--

CREATE INDEX auth_user_groups_user_id_6a12ed8b ON public.auth_user_groups USING btree (user_id);


--
-- TOC entry 4757 (class 1259 OID 17809)
-- Name: auth_user_user_permissions_permission_id_1fbb5f2c; Type: INDEX; Schema: public; Owner: postgres
--

CREATE INDEX auth_user_user_permissions_permission_id_1fbb5f2c ON public.auth_user_user_permissions USING btree (permission_id);


--
-- TOC entry 4760 (class 1259 OID 17808)
-- Name: auth_user_user_permissions_user_id_a95ead1b; Type: INDEX; Schema: public; Owner: postgres
--

CREATE INDEX auth_user_user_permissions_user_id_a95ead1b ON public.auth_user_user_permissions USING btree (user_id);


--
-- TOC entry 4748 (class 1259 OID 17833)
-- Name: auth_user_username_6821ab7c_like; Type: INDEX; Schema: public; Owner: postgres
--

CREATE INDEX auth_user_username_6821ab7c_like ON public.auth_user USING btree (username varchar_pattern_ops);


--
-- TOC entry 4763 (class 1259 OID 17829)
-- Name: django_admin_log_content_type_id_c4bce8eb; Type: INDEX; Schema: public; Owner: postgres
--

CREATE INDEX django_admin_log_content_type_id_c4bce8eb ON public.django_admin_log USING btree (content_type_id);


--
-- TOC entry 4766 (class 1259 OID 17830)
-- Name: django_admin_log_user_id_c564eba6; Type: INDEX; Schema: public; Owner: postgres
--

CREATE INDEX django_admin_log_user_id_c564eba6 ON public.django_admin_log USING btree (user_id);


--
-- TOC entry 4796 (class 1259 OID 17957)
-- Name: django_session_expire_date_a5c62663; Type: INDEX; Schema: public; Owner: postgres
--

CREATE INDEX django_session_expire_date_a5c62663 ON public.django_session USING btree (expire_date);


--
-- TOC entry 4799 (class 1259 OID 17956)
-- Name: django_session_session_key_c0390e0f_like; Type: INDEX; Schema: public; Owner: postgres
--

CREATE INDEX django_session_session_key_c0390e0f_like ON public.django_session USING btree (session_key varchar_pattern_ops);


--
-- TOC entry 4773 (class 1259 OID 17876)
-- Name: product_product_category_category_id_c14e57fb; Type: INDEX; Schema: public; Owner: postgres
--

CREATE INDEX product_product_category_category_id_c14e57fb ON public.product_product_category USING btree (category_id);


--
-- TOC entry 4778 (class 1259 OID 17875)
-- Name: product_product_category_product_id_dd5b89f7; Type: INDEX; Schema: public; Owner: postgres
--

CREATE INDEX product_product_category_product_id_dd5b89f7 ON public.product_product_category USING btree (product_id);


--
-- TOC entry 4786 (class 1259 OID 17923)
-- Name: record_purchaseorders_detail_product_id_565375e3; Type: INDEX; Schema: public; Owner: postgres
--

CREATE INDEX record_purchaseorders_detail_product_id_565375e3 ON public.record_purchaseorders_detail USING btree (product_id);


--
-- TOC entry 4787 (class 1259 OID 17924)
-- Name: record_purchaseorders_detail_purchaseorders_id_d9174d84; Type: INDEX; Schema: public; Owner: postgres
--

CREATE INDEX record_purchaseorders_detail_purchaseorders_id_d9174d84 ON public.record_purchaseorders_detail USING btree (purchaseorders_id);


--
-- TOC entry 4783 (class 1259 OID 17912)
-- Name: record_purchaseorders_supplier_id_73a30403; Type: INDEX; Schema: public; Owner: postgres
--

CREATE INDEX record_purchaseorders_supplier_id_73a30403 ON public.record_purchaseorders USING btree (supplier_id);


--
-- TOC entry 4790 (class 1259 OID 17935)
-- Name: record_sellorder_detail_product_id_816058f4; Type: INDEX; Schema: public; Owner: postgres
--

CREATE INDEX record_sellorder_detail_product_id_816058f4 ON public.record_sellorder_detail USING btree (product_id);


--
-- TOC entry 4791 (class 1259 OID 17936)
-- Name: record_sellorder_detail_sellorder_id_ce8a7f6f; Type: INDEX; Schema: public; Owner: postgres
--

CREATE INDEX record_sellorder_detail_sellorder_id_ce8a7f6f ON public.record_sellorder_detail USING btree (sellorder_id);


--
-- TOC entry 4794 (class 1259 OID 17947)
-- Name: record_transaction_purchaseorders_id_c2c3adcc; Type: INDEX; Schema: public; Owner: postgres
--

CREATE INDEX record_transaction_purchaseorders_id_c2c3adcc ON public.record_transaction USING btree (purchaseorders_id);


--
-- TOC entry 4795 (class 1259 OID 17948)
-- Name: record_transaction_sellorder_id_9f2a3fcc; Type: INDEX; Schema: public; Owner: postgres
--

CREATE INDEX record_transaction_sellorder_id_9f2a3fcc ON public.record_transaction USING btree (sellorder_id);


--
-- TOC entry 4801 (class 2606 OID 17774)
-- Name: auth_group_permissions auth_group_permissio_permission_id_84c5c92e_fk_auth_perm; Type: FK CONSTRAINT; Schema: public; Owner: postgres
--

ALTER TABLE ONLY public.auth_group_permissions
    ADD CONSTRAINT auth_group_permissio_permission_id_84c5c92e_fk_auth_perm FOREIGN KEY (permission_id) REFERENCES public.auth_permission(id) DEFERRABLE INITIALLY DEFERRED;


--
-- TOC entry 4802 (class 2606 OID 17769)
-- Name: auth_group_permissions auth_group_permissions_group_id_b120cbf9_fk_auth_group_id; Type: FK CONSTRAINT; Schema: public; Owner: postgres
--

ALTER TABLE ONLY public.auth_group_permissions
    ADD CONSTRAINT auth_group_permissions_group_id_b120cbf9_fk_auth_group_id FOREIGN KEY (group_id) REFERENCES public.auth_group(id) DEFERRABLE INITIALLY DEFERRED;


--
-- TOC entry 4800 (class 2606 OID 17760)
-- Name: auth_permission auth_permission_content_type_id_2f476e4b_fk_django_co; Type: FK CONSTRAINT; Schema: public; Owner: postgres
--

ALTER TABLE ONLY public.auth_permission
    ADD CONSTRAINT auth_permission_content_type_id_2f476e4b_fk_django_co FOREIGN KEY (content_type_id) REFERENCES public.django_content_type(id) DEFERRABLE INITIALLY DEFERRED;


--
-- TOC entry 4803 (class 2606 OID 17789)
-- Name: auth_user_groups auth_user_groups_group_id_97559544_fk_auth_group_id; Type: FK CONSTRAINT; Schema: public; Owner: postgres
--

ALTER TABLE ONLY public.auth_user_groups
    ADD CONSTRAINT auth_user_groups_group_id_97559544_fk_auth_group_id FOREIGN KEY (group_id) REFERENCES public.auth_group(id) DEFERRABLE INITIALLY DEFERRED;


--
-- TOC entry 4804 (class 2606 OID 17784)
-- Name: auth_user_groups auth_user_groups_user_id_6a12ed8b_fk_auth_user_id; Type: FK CONSTRAINT; Schema: public; Owner: postgres
--

ALTER TABLE ONLY public.auth_user_groups
    ADD CONSTRAINT auth_user_groups_user_id_6a12ed8b_fk_auth_user_id FOREIGN KEY (user_id) REFERENCES public.auth_user(id) DEFERRABLE INITIALLY DEFERRED;


--
-- TOC entry 4805 (class 2606 OID 17803)
-- Name: auth_user_user_permissions auth_user_user_permi_permission_id_1fbb5f2c_fk_auth_perm; Type: FK CONSTRAINT; Schema: public; Owner: postgres
--

ALTER TABLE ONLY public.auth_user_user_permissions
    ADD CONSTRAINT auth_user_user_permi_permission_id_1fbb5f2c_fk_auth_perm FOREIGN KEY (permission_id) REFERENCES public.auth_permission(id) DEFERRABLE INITIALLY DEFERRED;


--
-- TOC entry 4806 (class 2606 OID 17798)
-- Name: auth_user_user_permissions auth_user_user_permissions_user_id_a95ead1b_fk_auth_user_id; Type: FK CONSTRAINT; Schema: public; Owner: postgres
--

ALTER TABLE ONLY public.auth_user_user_permissions
    ADD CONSTRAINT auth_user_user_permissions_user_id_a95ead1b_fk_auth_user_id FOREIGN KEY (user_id) REFERENCES public.auth_user(id) DEFERRABLE INITIALLY DEFERRED;


--
-- TOC entry 4807 (class 2606 OID 17819)
-- Name: django_admin_log django_admin_log_content_type_id_c4bce8eb_fk_django_co; Type: FK CONSTRAINT; Schema: public; Owner: postgres
--

ALTER TABLE ONLY public.django_admin_log
    ADD CONSTRAINT django_admin_log_content_type_id_c4bce8eb_fk_django_co FOREIGN KEY (content_type_id) REFERENCES public.django_content_type(id) DEFERRABLE INITIALLY DEFERRED;


--
-- TOC entry 4808 (class 2606 OID 17824)
-- Name: django_admin_log django_admin_log_user_id_c564eba6_fk_auth_user_id; Type: FK CONSTRAINT; Schema: public; Owner: postgres
--

ALTER TABLE ONLY public.django_admin_log
    ADD CONSTRAINT django_admin_log_user_id_c564eba6_fk_auth_user_id FOREIGN KEY (user_id) REFERENCES public.auth_user(id) DEFERRABLE INITIALLY DEFERRED;


--
-- TOC entry 4809 (class 2606 OID 17870)
-- Name: product_product_category product_product_cate_category_id_c14e57fb_fk_product_c; Type: FK CONSTRAINT; Schema: public; Owner: postgres
--

ALTER TABLE ONLY public.product_product_category
    ADD CONSTRAINT product_product_cate_category_id_c14e57fb_fk_product_c FOREIGN KEY (category_id) REFERENCES public.product_category(id) DEFERRABLE INITIALLY DEFERRED;


--
-- TOC entry 4810 (class 2606 OID 17865)
-- Name: product_product_category product_product_cate_product_id_dd5b89f7_fk_product_p; Type: FK CONSTRAINT; Schema: public; Owner: postgres
--

ALTER TABLE ONLY public.product_product_category
    ADD CONSTRAINT product_product_cate_product_id_dd5b89f7_fk_product_p FOREIGN KEY (product_id) REFERENCES public.product_product(id) DEFERRABLE INITIALLY DEFERRED;


--
-- TOC entry 4812 (class 2606 OID 17913)
-- Name: record_purchaseorders_detail record_purchaseorder_product_id_565375e3_fk_product_p; Type: FK CONSTRAINT; Schema: public; Owner: postgres
--

ALTER TABLE ONLY public.record_purchaseorders_detail
    ADD CONSTRAINT record_purchaseorder_product_id_565375e3_fk_product_p FOREIGN KEY (product_id) REFERENCES public.product_product(id) DEFERRABLE INITIALLY DEFERRED;


--
-- TOC entry 4813 (class 2606 OID 17918)
-- Name: record_purchaseorders_detail record_purchaseorder_purchaseorders_id_d9174d84_fk_record_pu; Type: FK CONSTRAINT; Schema: public; Owner: postgres
--

ALTER TABLE ONLY public.record_purchaseorders_detail
    ADD CONSTRAINT record_purchaseorder_purchaseorders_id_d9174d84_fk_record_pu FOREIGN KEY (purchaseorders_id) REFERENCES public.record_purchaseorders(id) DEFERRABLE INITIALLY DEFERRED;


--
-- TOC entry 4811 (class 2606 OID 17907)
-- Name: record_purchaseorders record_purchaseorder_supplier_id_73a30403_fk_product_s; Type: FK CONSTRAINT; Schema: public; Owner: postgres
--

ALTER TABLE ONLY public.record_purchaseorders
    ADD CONSTRAINT record_purchaseorder_supplier_id_73a30403_fk_product_s FOREIGN KEY (supplier_id) REFERENCES public.product_supplier(id) DEFERRABLE INITIALLY DEFERRED;


--
-- TOC entry 4814 (class 2606 OID 17925)
-- Name: record_sellorder_detail record_sellorder_det_product_id_816058f4_fk_product_p; Type: FK CONSTRAINT; Schema: public; Owner: postgres
--

ALTER TABLE ONLY public.record_sellorder_detail
    ADD CONSTRAINT record_sellorder_det_product_id_816058f4_fk_product_p FOREIGN KEY (product_id) REFERENCES public.product_product(id) DEFERRABLE INITIALLY DEFERRED;


--
-- TOC entry 4815 (class 2606 OID 17930)
-- Name: record_sellorder_detail record_sellorder_det_sellorder_id_ce8a7f6f_fk_record_se; Type: FK CONSTRAINT; Schema: public; Owner: postgres
--

ALTER TABLE ONLY public.record_sellorder_detail
    ADD CONSTRAINT record_sellorder_det_sellorder_id_ce8a7f6f_fk_record_se FOREIGN KEY (sellorder_id) REFERENCES public.record_sellorder(id) DEFERRABLE INITIALLY DEFERRED;


--
-- TOC entry 4816 (class 2606 OID 17937)
-- Name: record_transaction record_transaction_purchaseorders_id_c2c3adcc_fk_record_pu; Type: FK CONSTRAINT; Schema: public; Owner: postgres
--

ALTER TABLE ONLY public.record_transaction
    ADD CONSTRAINT record_transaction_purchaseorders_id_c2c3adcc_fk_record_pu FOREIGN KEY (purchaseorders_id) REFERENCES public.record_purchaseorders(id) DEFERRABLE INITIALLY DEFERRED;


--
-- TOC entry 4817 (class 2606 OID 17942)
-- Name: record_transaction record_transaction_sellorder_id_9f2a3fcc_fk_record_sellorder_id; Type: FK CONSTRAINT; Schema: public; Owner: postgres
--

ALTER TABLE ONLY public.record_transaction
    ADD CONSTRAINT record_transaction_sellorder_id_9f2a3fcc_fk_record_sellorder_id FOREIGN KEY (sellorder_id) REFERENCES public.record_sellorder(id) DEFERRABLE INITIALLY DEFERRED;


-- Completed on 2024-10-17 06:00:00

--
-- PostgreSQL database dump complete
--

